code,name,region,provider,asset_class,focus,role,risks,theme
SPX,标普500,美国,S&P Dow Jones Indices,股票宽基,美国大盘股,美股核心宽基暴露,估值波动、行业集中和美元资产波动,us
NDX,纳斯达克100,美国,Nasdaq,股票宽基,美国大型成长和科技公司,成长风格卫星配置,科技权重集中、估值波动较大,us
DJI,道琼斯工业平均指数,美国,S&P Dow Jones Indices,股票宽基,美国蓝筹股,蓝筹风格观察工具,样本数量较少，行业代表性有限,us
RUT,罗素2000,美国,FTSE Russell,股票宽基,美国小盘股,小盘风格暴露,小盘股盈利和流动性波动更大,us
HSI,恒生指数,中国香港,恒生指数公司,股票宽基,港股大盘蓝筹,港股核心宽基暴露,金融和互联网权重变化会影响体验,hongkong
HSTECH,恒生科技指数,中国香港,恒生指数公司,股票主题,港股科技和互联网公司,科技成长卫星配置,行业集中、政策和估值波动较大,hongkong
CSI300,沪深300,中国内地,中证指数,股票宽基,A股大盘核心公司,A股核心宽基暴露,金融消费等权重行业变化会影响表现,china
CSI500,中证500,中国内地,中证指数,股票宽基,A股中盘公司,中盘风格补充,中盘股波动和行业轮动更明显,china
CSI1000,中证1000,中国内地,中证指数,股票宽基,A股小盘公司,小盘风格卫星配置,波动较高，流动性和盈利弹性更明显,china
CSI_DIV,中证红利,中国内地,中证指数,股票策略,高股息和红利风格公司,现金流和价值风格补充,红利风格会阶段性跑输成长风格,china
N225,日经225,日本,Nikkei,股票宽基,日本大型蓝筹公司,日本市场核心暴露,汇率、出口周期和权重股影响较大,asia
TOPIX,东证指数,日本,JPX Market Innovation,股票宽基,日本股票市场,日本宽基配置工具,日本经济周期和汇率波动会影响表现,asia
KOSPI,韩国综合指数,韩国,KRX,股票宽基,韩国股票市场,韩国市场核心暴露,半导体和出口周期影响较明显,asia
ASX200,澳洲标普200,澳大利亚,S&P Dow Jones Indices,股票宽基,澳大利亚大中盘公司,澳洲市场核心暴露,金融和资源行业权重影响较大,asia
STOXX50E,欧洲斯托克50,欧元区,STOXX,股票宽基,欧元区大型蓝筹公司,欧洲核心蓝筹暴露,金融、工业和汇率因素会影响表现,europe
DAX,德国DAX,德国,STOXX/Qontigo,股票宽基,德国大型上市公司,德国市场核心暴露,出口周期和工业景气度影响较大,europe
FTSE100,富时100,英国,FTSE Russell,股票宽基,英国大型蓝筹公司,英国市场核心暴露,金融、能源、英镑汇率会影响表现,europe
CAC40,法国CAC40,法国,Euronext,股票宽基,法国大型上市公司,法国市场核心暴露,奢侈品、金融和欧洲经济周期影响较大,europe
MSCI_WORLD,MSCI全球指数,全球发达市场,MSCI,股票宽基,全球发达市场股票,全球核心权益暴露,美国权重较高，全球估值和汇率波动会影响表现,global
MSCI_EM,MSCI新兴市场指数,全球新兴市场,MSCI,股票宽基,新兴市场股票,新兴市场权益补充,国家和货币风险更明显,global
AGG,彭博全球综合债券指数,全球,Bloomberg,债券宽基,全球投资级债券,债券核心配置工具,利率、信用和汇率波动会影响表现,bond
GSCI,标普高盛商品指数,全球,S&P Dow Jones Indices,商品宽基,能源、金属、农产品等商品,通胀和商品周期暴露,商品波动高，受供需和地缘因素影响,commodity
G0001,FTSE Russell 美国大盘核心公司指数,美国,FTSE Russell,股票宽基,大盘核心公司,核心宽基暴露,行业或风格可能集中，估值和汇率变化会影响阶段表现,us
G0002,S&P Dow Jones Indices 美国中小盘公司指数,美国,S&P Dow Jones Indices,股票宽基,中小盘公司,中小盘风格补充,行业或风格可能集中，估值和汇率变化会影响阶段表现,us
G0003,STOXX 美国高股息公司指数,美国,STOXX,股票策略,高股息公司,红利和现金流风格补充,行业或风格可能集中，估值和汇率变化会影响阶段表现,us
G0004,Nasdaq 美国低波动公司指数,美国,Nasdaq,股票策略,低波动公司,低波风格补充,行业或风格可能集中，估值和汇率变化会影响阶段表现,us
G0005,中证指数 美国质量因子公司指数,美国,中证指数,股票策略,质量因子公司,质量因子卫星配置,行业或风格可能集中，估值和汇率变化会影响阶段表现,us
G0006,恒生指数公司 美国成长风格公司指数,美国,恒生指数公司,股票策略,成长风格公司,成长风格卫星配置,行业或风格可能集中，估值和汇率变化会影响阶段表现,us
G0007,Bloomberg 美国价值风格公司指数,美国,Bloomberg,股票策略,价值风格公司,价值风格补充,行业或风格可能集中，估值和汇率变化会影响阶段表现,us
G0008,MSCI 美国科技公司指数,美国,MSCI,股票主题,科技公司,科技成长卫星配置,行业或风格可能集中，估值和汇率变化会影响阶段表现,us
G0009,FTSE Russell 美国金融公司指数,美国,FTSE Russell,股票行业,金融公司,金融行业暴露,行业或风格可能集中，估值和汇率变化会影响阶段表现,us
G0010,S&P Dow Jones Indices 美国医疗健康公司指数,美国,S&P Dow Jones Indices,股票行业,医疗健康公司,医疗健康行业暴露,行业或风格可能集中，估值和汇率变化会影响阶段表现,us
G0011,STOXX 美国消费公司指数,美国,STOXX,股票行业,消费公司,消费行业暴露,行业或风格可能集中，估值和汇率变化会影响阶段表现,us
G0012,Nasdaq 美国能源和资源公司指数,美国,Nasdaq,股票行业,能源和资源公司,周期行业暴露,行业或风格可能集中，估值和汇率变化会影响阶段表现,us
G0013,中证指数 中国内地大盘核心公司指数,中国内地,中证指数,股票宽基,大盘核心公司,核心宽基暴露,行业或风格可能集中，估值和汇率变化会影响阶段表现,china
G0014,恒生指数公司 中国内地中小盘公司指数,中国内地,恒生指数公司,股票宽基,中小盘公司,中小盘风格补充,行业或风格可能集中，估值和汇率变化会影响阶段表现,china
G0015,Bloomberg 中国内地高股息公司指数,中国内地,Bloomberg,股票策略,高股息公司,红利和现金流风格补充,行业或风格可能集中，估值和汇率变化会影响阶段表现,china
G0016,MSCI 中国内地低波动公司指数,中国内地,MSCI,股票策略,低波动公司,低波风格补充,行业或风格可能集中，估值和汇率变化会影响阶段表现,china
G0017,FTSE Russell 中国内地质量因子公司指数,中国内地,FTSE Russell,股票策略,质量因子公司,质量因子卫星配置,行业或风格可能集中，估值和汇率变化会影响阶段表现,china
G0018,S&P Dow Jones Indices 中国内地成长风格公司指数,中国内地,S&P Dow Jones Indices,股票策略,成长风格公司,成长风格卫星配置,行业或风格可能集中，估值和汇率变化会影响阶段表现,china
G0019,STOXX 中国内地价值风格公司指数,中国内地,STOXX,股票策略,价值风格公司,价值风格补充,行业或风格可能集中，估值和汇率变化会影响阶段表现,china
G0020,Nasdaq 中国内地科技公司指数,中国内地,Nasdaq,股票主题,科技公司,科技成长卫星配置,行业或风格可能集中，估值和汇率变化会影响阶段表现,china
G0021,中证指数 中国内地金融公司指数,中国内地,中证指数,股票行业,金融公司,金融行业暴露,行业或风格可能集中，估值和汇率变化会影响阶段表现,china
G0022,恒生指数公司 中国内地医疗健康公司指数,中国内地,恒生指数公司,股票行业,医疗健康公司,医疗健康行业暴露,行业或风格可能集中，估值和汇率变化会影响阶段表现,china
G0023,Bloomberg 中国内地消费公司指数,中国内地,Bloomberg,股票行业,消费公司,消费行业暴露,行业或风格可能集中，估值和汇率变化会影响阶段表现,china
G0024,MSCI 中国内地能源和资源公司指数,中国内地,MSCI,股票行业,能源和资源公司,周期行业暴露,行业或风格可能集中，估值和汇率变化会影响阶段表现,china
G0025,FTSE Russell 中国香港大盘核心公司指数,中国香港,FTSE Russell,股票宽基,大盘核心公司,核心宽基暴露,行业或风格可能集中，估值和汇率变化会影响阶段表现,hongkong
G0026,S&P Dow Jones Indices 中国香港中小盘公司指数,中国香港,S&P Dow Jones Indices,股票宽基,中小盘公司,中小盘风格补充,行业或风格可能集中，估值和汇率变化会影响阶段表现,hongkong
G0027,STOXX 中国香港高股息公司指数,中国香港,STOXX,股票策略,高股息公司,红利和现金流风格补充,行业或风格可能集中，估值和汇率变化会影响阶段表现,hongkong
G0028,Nasdaq 中国香港低波动公司指数,中国香港,Nasdaq,股票策略,低波动公司,低波风格补充,行业或风格可能集中，估值和汇率变化会影响阶段表现,hongkong
G0029,中证指数 中国香港质量因子公司指数,中国香港,中证指数,股票策略,质量因子公司,质量因子卫星配置,行业或风格可能集中，估值和汇率变化会影响阶段表现,hongkong
G0030,恒生指数公司 中国香港成长风格公司指数,中国香港,恒生指数公司,股票策略,成长风格公司,成长风格卫星配置,行业或风格可能集中，估值和汇率变化会影响阶段表现,hongkong
G0031,Bloomberg 中国香港价值风格公司指数,中国香港,Bloomberg,股票策略,价值风格公司,价值风格补充,行业或风格可能集中，估值和汇率变化会影响阶段表现,hongkong
G0032,MSCI 中国香港科技公司指数,中国香港,MSCI,股票主题,科技公司,科技成长卫星配置,行业或风格可能集中，估值和汇率变化会影响阶段表现,hongkong
G0033,FTSE Russell 中国香港金融公司指数,中国香港,FTSE Russell,股票行业,金融公司,金融行业暴露,行业或风格可能集中，估值和汇率变化会影响阶段表现,hongkong
G0034,S&P Dow Jones Indices 中国香港医疗健康公司指数,中国香港,S&P Dow Jones Indices,股票行业,医疗健康公司,医疗健康行业暴露,行业或风格可能集中，估值和汇率变化会影响阶段表现,hongkong
G0035,STOXX 中国香港消费公司指数,中国香港,STOXX,股票行业,消费公司,消费行业暴露,行业或风格可能集中，估值和汇率变化会影响阶段表现,hongkong
G0036,Nasdaq 中国香港能源和资源公司指数,中国香港,Nasdaq,股票行业,能源和资源公司,周期行业暴露,行业或风格可能集中，估值和汇率变化会影响阶段表现,hongkong
G0037,中证指数 日本大盘核心公司指数,日本,中证指数,股票宽基,大盘核心公司,核心宽基暴露,行业或风格可能集中，估值和汇率变化会影响阶段表现,asia
G0038,恒生指数公司 日本中小盘公司指数,日本,恒生指数公司,股票宽基,中小盘公司,中小盘风格补充,行业或风格可能集中，估值和汇率变化会影响阶段表现,asia
G0039,Bloomberg 日本高股息公司指数,日本,Bloomberg,股票策略,高股息公司,红利和现金流风格补充,行业或风格可能集中，估值和汇率变化会影响阶段表现,asia
G0040,MSCI 日本低波动公司指数,日本,MSCI,股票策略,低波动公司,低波风格补充,行业或风格可能集中，估值和汇率变化会影响阶段表现,asia
G0041,FTSE Russell 日本质量因子公司指数,日本,FTSE Russell,股票策略,质量因子公司,质量因子卫星配置,行业或风格可能集中，估值和汇率变化会影响阶段表现,asia
G0042,S&P Dow Jones Indices 日本成长风格公司指数,日本,S&P Dow Jones Indices,股票策略,成长风格公司,成长风格卫星配置,行业或风格可能集中，估值和汇率变化会影响阶段表现,asia
G0043,STOXX 日本价值风格公司指数,日本,STOXX,股票策略,价值风格公司,价值风格补充,行业或风格可能集中，估值和汇率变化会影响阶段表现,asia
G0044,Nasdaq 日本科技公司指数,日本,Nasdaq,股票主题,科技公司,科技成长卫星配置,行业或风格可能集中，估值和汇率变化会影响阶段表现,asia
G0045,中证指数 日本金融公司指数,日本,中证指数,股票行业,金融公司,金融行业暴露,行业或风格可能集中，估值和汇率变化会影响阶段表现,asia
G0046,恒生指数公司 日本医疗健康公司指数,日本,恒生指数公司,股票行业,医疗健康公司,医疗健康行业暴露,行业或风格可能集中，估值和汇率变化会影响阶段表现,asia
G0047,Bloomberg 日本消费公司指数,日本,Bloomberg,股票行业,消费公司,消费行业暴露,行业或风格可能集中，估值和汇率变化会影响阶段表现,asia
G0048,MSCI 日本能源和资源公司指数,日本,MSCI,股票行业,能源和资源公司,周期行业暴露,行业或风格可能集中，估值和汇率变化会影响阶段表现,asia
G0049,FTSE Russell 韩国大盘核心公司指数,韩国,FTSE Russell,股票宽基,大盘核心公司,核心宽基暴露,行业或风格可能集中，估值和汇率变化会影响阶段表现,asia
G0050,S&P Dow Jones Indices 韩国中小盘公司指数,韩国,S&P Dow Jones Indices,股票宽基,中小盘公司,中小盘风格补充,行业或风格可能集中，估值和汇率变化会影响阶段表现,asia
G0051,STOXX 韩国高股息公司指数,韩国,STOXX,股票策略,高股息公司,红利和现金流风格补充,行业或风格可能集中，估值和汇率变化会影响阶段表现,asia
G0052,Nasdaq 韩国低波动公司指数,韩国,Nasdaq,股票策略,低波动公司,低波风格补充,行业或风格可能集中，估值和汇率变化会影响阶段表现,asia
G0053,中证指数 韩国质量因子公司指数,韩国,中证指数,股票策略,质量因子公司,质量因子卫星配置,行业或风格可能集中，估值和汇率变化会影响阶段表现,asia
G0054,恒生指数公司 韩国成长风格公司指数,韩国,恒生指数公司,股票策略,成长风格公司,成长风格卫星配置,行业或风格可能集中，估值和汇率变化会影响阶段表现,asia
G0055,Bloomberg 韩国价值风格公司指数,韩国,Bloomberg,股票策略,价值风格公司,价值风格补充,行业或风格可能集中，估值和汇率变化会影响阶段表现,asia
G0056,MSCI 韩国科技公司指数,韩国,MSCI,股票主题,科技公司,科技成长卫星配置,行业或风格可能集中，估值和汇率变化会影响阶段表现,asia
G0057,FTSE Russell 韩国金融公司指数,韩国,FTSE Russell,股票行业,金融公司,金融行业暴露,行业或风格可能集中，估值和汇率变化会影响阶段表现,asia
G0058,S&P Dow Jones Indices 韩国医疗健康公司指数,韩国,S&P Dow Jones Indices,股票行业,医疗健康公司,医疗健康行业暴露,行业或风格可能集中，估值和汇率变化会影响阶段表现,asia
G0059,STOXX 韩国消费公司指数,韩国,STOXX,股票行业,消费公司,消费行业暴露,行业或风格可能集中，估值和汇率变化会影响阶段表现,asia
G0060,Nasdaq 韩国能源和资源公司指数,韩国,Nasdaq,股票行业,能源和资源公司,周期行业暴露,行业或风格可能集中，估值和汇率变化会影响阶段表现,asia
G0061,中证指数 印度大盘核心公司指数,印度,中证指数,股票宽基,大盘核心公司,核心宽基暴露,行业或风格可能集中，估值和汇率变化会影响阶段表现,asia
G0062,恒生指数公司 印度中小盘公司指数,印度,恒生指数公司,股票宽基,中小盘公司,中小盘风格补充,行业或风格可能集中，估值和汇率变化会影响阶段表现,asia
G0063,Bloomberg 印度高股息公司指数,印度,Bloomberg,股票策略,高股息公司,红利和现金流风格补充,行业或风格可能集中，估值和汇率变化会影响阶段表现,asia
G0064,MSCI 印度低波动公司指数,印度,MSCI,股票策略,低波动公司,低波风格补充,行业或风格可能集中，估值和汇率变化会影响阶段表现,asia
G0065,FTSE Russell 印度质量因子公司指数,印度,FTSE Russell,股票策略,质量因子公司,质量因子卫星配置,行业或风格可能集中，估值和汇率变化会影响阶段表现,asia
G0066,S&P Dow Jones Indices 印度成长风格公司指数,印度,S&P Dow Jones Indices,股票策略,成长风格公司,成长风格卫星配置,行业或风格可能集中，估值和汇率变化会影响阶段表现,asia
G0067,STOXX 印度价值风格公司指数,印度,STOXX,股票策略,价值风格公司,价值风格补充,行业或风格可能集中，估值和汇率变化会影响阶段表现,asia
G0068,Nasdaq 印度科技公司指数,印度,Nasdaq,股票主题,科技公司,科技成长卫星配置,行业或风格可能集中，估值和汇率变化会影响阶段表现,asia
G0069,中证指数 印度金融公司指数,印度,中证指数,股票行业,金融公司,金融行业暴露,行业或风格可能集中，估值和汇率变化会影响阶段表现,asia
G0070,恒生指数公司 印度医疗健康公司指数,印度,恒生指数公司,股票行业,医疗健康公司,医疗健康行业暴露,行业或风格可能集中，估值和汇率变化会影响阶段表现,asia
G0071,Bloomberg 印度消费公司指数,印度,Bloomberg,股票行业,消费公司,消费行业暴露,行业或风格可能集中，估值和汇率变化会影响阶段表现,asia
G0072,MSCI 印度能源和资源公司指数,印度,MSCI,股票行业,能源和资源公司,周期行业暴露,行业或风格可能集中，估值和汇率变化会影响阶段表现,asia
G0073,FTSE Russell 澳大利亚大盘核心公司指数,澳大利亚,FTSE Russell,股票宽基,大盘核心公司,核心宽基暴露,行业或风格可能集中，估值和汇率变化会影响阶段表现,asia
G0074,S&P Dow Jones Indices 澳大利亚中小盘公司指数,澳大利亚,S&P Dow Jones Indices,股票宽基,中小盘公司,中小盘风格补充,行业或风格可能集中，估值和汇率变化会影响阶段表现,asia
G0075,STOXX 澳大利亚高股息公司指数,澳大利亚,STOXX,股票策略,高股息公司,红利和现金流风格补充,行业或风格可能集中，估值和汇率变化会影响阶段表现,asia
G0076,Nasdaq 澳大利亚低波动公司指数,澳大利亚,Nasdaq,股票策略,低波动公司,低波风格补充,行业或风格可能集中，估值和汇率变化会影响阶段表现,asia
G0077,中证指数 澳大利亚质量因子公司指数,澳大利亚,中证指数,股票策略,质量因子公司,质量因子卫星配置,行业或风格可能集中，估值和汇率变化会影响阶段表现,asia
G0078,恒生指数公司 澳大利亚成长风格公司指数,澳大利亚,恒生指数公司,股票策略,成长风格公司,成长风格卫星配置,行业或风格可能集中，估值和汇率变化会影响阶段表现,asia
G0079,Bloomberg 澳大利亚价值风格公司指数,澳大利亚,Bloomberg,股票策略,价值风格公司,价值风格补充,行业或风格可能集中，估值和汇率变化会影响阶段表现,asia
G0080,MSCI 澳大利亚科技公司指数,澳大利亚,MSCI,股票主题,科技公司,科技成长卫星配置,行业或风格可能集中，估值和汇率变化会影响阶段表现,asia
G0081,FTSE Russell 澳大利亚金融公司指数,澳大利亚,FTSE Russell,股票行业,金融公司,金融行业暴露,行业或风格可能集中，估值和汇率变化会影响阶段表现,asia
G0082,S&P Dow Jones Indices 澳大利亚医疗健康公司指数,澳大利亚,S&P Dow Jones Indices,股票行业,医疗健康公司,医疗健康行业暴露,行业或风格可能集中，估值和汇率变化会影响阶段表现,asia
G0083,STOXX 澳大利亚消费公司指数,澳大利亚,STOXX,股票行业,消费公司,消费行业暴露,行业或风格可能集中，估值和汇率变化会影响阶段表现,asia
G0084,Nasdaq 澳大利亚能源和资源公司指数,澳大利亚,Nasdaq,股票行业,能源和资源公司,周期行业暴露,行业或风格可能集中，估值和汇率变化会影响阶段表现,asia
G0085,中证指数 英国大盘核心公司指数,英国,中证指数,股票宽基,大盘核心公司,核心宽基暴露,行业或风格可能集中，估值和汇率变化会影响阶段表现,europe
G0086,恒生指数公司 英国中小盘公司指数,英国,恒生指数公司,股票宽基,中小盘公司,中小盘风格补充,行业或风格可能集中，估值和汇率变化会影响阶段表现,europe
G0087,Bloomberg 英国高股息公司指数,英国,Bloomberg,股票策略,高股息公司,红利和现金流风格补充,行业或风格可能集中，估值和汇率变化会影响阶段表现,europe
G0088,MSCI 英国低波动公司指数,英国,MSCI,股票策略,低波动公司,低波风格补充,行业或风格可能集中，估值和汇率变化会影响阶段表现,europe
G0089,FTSE Russell 英国质量因子公司指数,英国,FTSE Russell,股票策略,质量因子公司,质量因子卫星配置,行业或风格可能集中，估值和汇率变化会影响阶段表现,europe
G0090,S&P Dow Jones Indices 英国成长风格公司指数,英国,S&P Dow Jones Indices,股票策略,成长风格公司,成长风格卫星配置,行业或风格可能集中，估值和汇率变化会影响阶段表现,europe
G0091,STOXX 英国价值风格公司指数,英国,STOXX,股票策略,价值风格公司,价值风格补充,行业或风格可能集中，估值和汇率变化会影响阶段表现,europe
G0092,Nasdaq 英国科技公司指数,英国,Nasdaq,股票主题,科技公司,科技成长卫星配置,行业或风格可能集中，估值和汇率变化会影响阶段表现,europe
G0093,中证指数 英国金融公司指数,英国,中证指数,股票行业,金融公司,金融行业暴露,行业或风格可能集中，估值和汇率变化会影响阶段表现,europe
G0094,恒生指数公司 英国医疗健康公司指数,英国,恒生指数公司,股票行业,医疗健康公司,医疗健康行业暴露,行业或风格可能集中，估值和汇率变化会影响阶段表现,europe
G0095,Bloomberg 英国消费公司指数,英国,Bloomberg,股票行业,消费公司,消费行业暴露,行业或风格可能集中，估值和汇率变化会影响阶段表现,europe
G0096,MSCI 英国能源和资源公司指数,英国,MSCI,股票行业,能源和资源公司,周期行业暴露,行业或风格可能集中，估值和汇率变化会影响阶段表现,europe
G0097,FTSE Russell 德国大盘核心公司指数,德国,FTSE Russell,股票宽基,大盘核心公司,核心宽基暴露,行业或风格可能集中，估值和汇率变化会影响阶段表现,europe
G0098,S&P Dow Jones Indices 德国中小盘公司指数,德国,S&P Dow Jones Indices,股票宽基,中小盘公司,中小盘风格补充,行业或风格可能集中，估值和汇率变化会影响阶段表现,europe
G0099,STOXX 德国高股息公司指数,德国,STOXX,股票策略,高股息公司,红利和现金流风格补充,行业或风格可能集中，估值和汇率变化会影响阶段表现,europe
G0100,Nasdaq 德国低波动公司指数,德国,Nasdaq,股票策略,低波动公司,低波风格补充,行业或风格可能集中，估值和汇率变化会影响阶段表现,europe
G0101,中证指数 德国质量因子公司指数,德国,中证指数,股票策略,质量因子公司,质量因子卫星配置,行业或风格可能集中，估值和汇率变化会影响阶段表现,europe
G0102,恒生指数公司 德国成长风格公司指数,德国,恒生指数公司,股票策略,成长风格公司,成长风格卫星配置,行业或风格可能集中，估值和汇率变化会影响阶段表现,europe
G0103,Bloomberg 德国价值风格公司指数,德国,Bloomberg,股票策略,价值风格公司,价值风格补充,行业或风格可能集中，估值和汇率变化会影响阶段表现,europe
G0104,MSCI 德国科技公司指数,德国,MSCI,股票主题,科技公司,科技成长卫星配置,行业或风格可能集中，估值和汇率变化会影响阶段表现,europe
G0105,FTSE Russell 德国金融公司指数,德国,FTSE Russell,股票行业,金融公司,金融行业暴露,行业或风格可能集中，估值和汇率变化会影响阶段表现,europe
G0106,S&P Dow Jones Indices 德国医疗健康公司指数,德国,S&P Dow Jones Indices,股票行业,医疗健康公司,医疗健康行业暴露,行业或风格可能集中，估值和汇率变化会影响阶段表现,europe
G0107,STOXX 德国消费公司指数,德国,STOXX,股票行业,消费公司,消费行业暴露,行业或风格可能集中，估值和汇率变化会影响阶段表现,europe
G0108,Nasdaq 德国能源和资源公司指数,德国,Nasdaq,股票行业,能源和资源公司,周期行业暴露,行业或风格可能集中，估值和汇率变化会影响阶段表现,europe
G0109,中证指数 法国大盘核心公司指数,法国,中证指数,股票宽基,大盘核心公司,核心宽基暴露,行业或风格可能集中，估值和汇率变化会影响阶段表现,europe
G0110,恒生指数公司 法国中小盘公司指数,法国,恒生指数公司,股票宽基,中小盘公司,中小盘风格补充,行业或风格可能集中，估值和汇率变化会影响阶段表现,europe
G0111,Bloomberg 法国高股息公司指数,法国,Bloomberg,股票策略,高股息公司,红利和现金流风格补充,行业或风格可能集中，估值和汇率变化会影响阶段表现,europe
G0112,MSCI 法国低波动公司指数,法国,MSCI,股票策略,低波动公司,低波风格补充,行业或风格可能集中，估值和汇率变化会影响阶段表现,europe
G0113,FTSE Russell 法国质量因子公司指数,法国,FTSE Russell,股票策略,质量因子公司,质量因子卫星配置,行业或风格可能集中，估值和汇率变化会影响阶段表现,europe
G0114,S&P Dow Jones Indices 法国成长风格公司指数,法国,S&P Dow Jones Indices,股票策略,成长风格公司,成长风格卫星配置,行业或风格可能集中，估值和汇率变化会影响阶段表现,europe
G0115,STOXX 法国价值风格公司指数,法国,STOXX,股票策略,价值风格公司,价值风格补充,行业或风格可能集中，估值和汇率变化会影响阶段表现,europe
G0116,Nasdaq 法国科技公司指数,法国,Nasdaq,股票主题,科技公司,科技成长卫星配置,行业或风格可能集中，估值和汇率变化会影响阶段表现,europe
G0117,中证指数 法国金融公司指数,法国,中证指数,股票行业,金融公司,金融行业暴露,行业或风格可能集中，估值和汇率变化会影响阶段表现,europe
G0118,恒生指数公司 法国医疗健康公司指数,法国,恒生指数公司,股票行业,医疗健康公司,医疗健康行业暴露,行业或风格可能集中，估值和汇率变化会影响阶段表现,europe
G0119,Bloomberg 法国消费公司指数,法国,Bloomberg,股票行业,消费公司,消费行业暴露,行业或风格可能集中，估值和汇率变化会影响阶段表现,europe
G0120,MSCI 法国能源和资源公司指数,法国,MSCI,股票行业,能源和资源公司,周期行业暴露,行业或风格可能集中，估值和汇率变化会影响阶段表现,europe
G0121,FTSE Russell 加拿大大盘核心公司指数,加拿大,FTSE Russell,股票宽基,大盘核心公司,核心宽基暴露,行业或风格可能集中，估值和汇率变化会影响阶段表现,us
G0122,S&P Dow Jones Indices 加拿大中小盘公司指数,加拿大,S&P Dow Jones Indices,股票宽基,中小盘公司,中小盘风格补充,行业或风格可能集中，估值和汇率变化会影响阶段表现,us
G0123,STOXX 加拿大高股息公司指数,加拿大,STOXX,股票策略,高股息公司,红利和现金流风格补充,行业或风格可能集中，估值和汇率变化会影响阶段表现,us
G0124,Nasdaq 加拿大低波动公司指数,加拿大,Nasdaq,股票策略,低波动公司,低波风格补充,行业或风格可能集中，估值和汇率变化会影响阶段表现,us
G0125,中证指数 加拿大质量因子公司指数,加拿大,中证指数,股票策略,质量因子公司,质量因子卫星配置,行业或风格可能集中，估值和汇率变化会影响阶段表现,us
G0126,恒生指数公司 加拿大成长风格公司指数,加拿大,恒生指数公司,股票策略,成长风格公司,成长风格卫星配置,行业或风格可能集中，估值和汇率变化会影响阶段表现,us
G0127,Bloomberg 加拿大价值风格公司指数,加拿大,Bloomberg,股票策略,价值风格公司,价值风格补充,行业或风格可能集中，估值和汇率变化会影响阶段表现,us
G0128,MSCI 加拿大科技公司指数,加拿大,MSCI,股票主题,科技公司,科技成长卫星配置,行业或风格可能集中，估值和汇率变化会影响阶段表现,us
G0129,FTSE Russell 加拿大金融公司指数,加拿大,FTSE Russell,股票行业,金融公司,金融行业暴露,行业或风格可能集中，估值和汇率变化会影响阶段表现,us
G0130,S&P Dow Jones Indices 加拿大医疗健康公司指数,加拿大,S&P Dow Jones Indices,股票行业,医疗健康公司,医疗健康行业暴露,行业或风格可能集中，估值和汇率变化会影响阶段表现,us
G0131,STOXX 加拿大消费公司指数,加拿大,STOXX,股票行业,消费公司,消费行业暴露,行业或风格可能集中，估值和汇率变化会影响阶段表现,us
G0132,Nasdaq 加拿大能源和资源公司指数,加拿大,Nasdaq,股票行业,能源和资源公司,周期行业暴露,行业或风格可能集中，估值和汇率变化会影响阶段表现,us
G0133,中证指数 巴西大盘核心公司指数,巴西,中证指数,股票宽基,大盘核心公司,核心宽基暴露,行业或风格可能集中，估值和汇率变化会影响阶段表现,global
G0134,恒生指数公司 巴西中小盘公司指数,巴西,恒生指数公司,股票宽基,中小盘公司,中小盘风格补充,行业或风格可能集中，估值和汇率变化会影响阶段表现,global
G0135,Bloomberg 巴西高股息公司指数,巴西,Bloomberg,股票策略,高股息公司,红利和现金流风格补充,行业或风格可能集中，估值和汇率变化会影响阶段表现,global
G0136,MSCI 巴西低波动公司指数,巴西,MSCI,股票策略,低波动公司,低波风格补充,行业或风格可能集中，估值和汇率变化会影响阶段表现,global
G0137,FTSE Russell 巴西质量因子公司指数,巴西,FTSE Russell,股票策略,质量因子公司,质量因子卫星配置,行业或风格可能集中，估值和汇率变化会影响阶段表现,global
G0138,S&P Dow Jones Indices 巴西成长风格公司指数,巴西,S&P Dow Jones Indices,股票策略,成长风格公司,成长风格卫星配置,行业或风格可能集中，估值和汇率变化会影响阶段表现,global
G0139,STOXX 巴西价值风格公司指数,巴西,STOXX,股票策略,价值风格公司,价值风格补充,行业或风格可能集中，估值和汇率变化会影响阶段表现,global
G0140,Nasdaq 巴西科技公司指数,巴西,Nasdaq,股票主题,科技公司,科技成长卫星配置,行业或风格可能集中，估值和汇率变化会影响阶段表现,global
G0141,中证指数 巴西金融公司指数,巴西,中证指数,股票行业,金融公司,金融行业暴露,行业或风格可能集中，估值和汇率变化会影响阶段表现,global
G0142,恒生指数公司 巴西医疗健康公司指数,巴西,恒生指数公司,股票行业,医疗健康公司,医疗健康行业暴露,行业或风格可能集中，估值和汇率变化会影响阶段表现,global
G0143,Bloomberg 巴西消费公司指数,巴西,Bloomberg,股票行业,消费公司,消费行业暴露,行业或风格可能集中，估值和汇率变化会影响阶段表现,global
G0144,MSCI 巴西能源和资源公司指数,巴西,MSCI,股票行业,能源和资源公司,周期行业暴露,行业或风格可能集中，估值和汇率变化会影响阶段表现,global
G0145,FTSE Russell 全球发达市场大盘核心公司指数,全球发达市场,FTSE Russell,股票宽基,大盘核心公司,核心宽基暴露,行业或风格可能集中，估值和汇率变化会影响阶段表现,global
G0146,S&P Dow Jones Indices 全球发达市场中小盘公司指数,全球发达市场,S&P Dow Jones Indices,股票宽基,中小盘公司,中小盘风格补充,行业或风格可能集中，估值和汇率变化会影响阶段表现,global
G0147,STOXX 全球发达市场高股息公司指数,全球发达市场,STOXX,股票策略,高股息公司,红利和现金流风格补充,行业或风格可能集中，估值和汇率变化会影响阶段表现,global
G0148,Nasdaq 全球发达市场低波动公司指数,全球发达市场,Nasdaq,股票策略,低波动公司,低波风格补充,行业或风格可能集中，估值和汇率变化会影响阶段表现,global
G0149,中证指数 全球发达市场质量因子公司指数,全球发达市场,中证指数,股票策略,质量因子公司,质量因子卫星配置,行业或风格可能集中，估值和汇率变化会影响阶段表现,global
G0150,恒生指数公司 全球发达市场成长风格公司指数,全球发达市场,恒生指数公司,股票策略,成长风格公司,成长风格卫星配置,行业或风格可能集中，估值和汇率变化会影响阶段表现,global
G0151,Bloomberg 全球发达市场价值风格公司指数,全球发达市场,Bloomberg,股票策略,价值风格公司,价值风格补充,行业或风格可能集中，估值和汇率变化会影响阶段表现,global
G0152,MSCI 全球发达市场科技公司指数,全球发达市场,MSCI,股票主题,科技公司,科技成长卫星配置,行业或风格可能集中，估值和汇率变化会影响阶段表现,global
G0153,FTSE Russell 全球发达市场金融公司指数,全球发达市场,FTSE Russell,股票行业,金融公司,金融行业暴露,行业或风格可能集中，估值和汇率变化会影响阶段表现,global
G0154,S&P Dow Jones Indices 全球发达市场医疗健康公司指数,全球发达市场,S&P Dow Jones Indices,股票行业,医疗健康公司,医疗健康行业暴露,行业或风格可能集中，估值和汇率变化会影响阶段表现,global
G0155,STOXX 全球发达市场消费公司指数,全球发达市场,STOXX,股票行业,消费公司,消费行业暴露,行业或风格可能集中，估值和汇率变化会影响阶段表现,global
G0156,Nasdaq 全球发达市场能源和资源公司指数,全球发达市场,Nasdaq,股票行业,能源和资源公司,周期行业暴露,行业或风格可能集中，估值和汇率变化会影响阶段表现,global
G0157,中证指数 全球新兴市场大盘核心公司指数,全球新兴市场,中证指数,股票宽基,大盘核心公司,核心宽基暴露,行业或风格可能集中，估值和汇率变化会影响阶段表现,global
G0158,恒生指数公司 全球新兴市场中小盘公司指数,全球新兴市场,恒生指数公司,股票宽基,中小盘公司,中小盘风格补充,行业或风格可能集中，估值和汇率变化会影响阶段表现,global
G0159,Bloomberg 全球新兴市场高股息公司指数,全球新兴市场,Bloomberg,股票策略,高股息公司,红利和现金流风格补充,行业或风格可能集中，估值和汇率变化会影响阶段表现,global
G0160,MSCI 全球新兴市场低波动公司指数,全球新兴市场,MSCI,股票策略,低波动公司,低波风格补充,行业或风格可能集中，估值和汇率变化会影响阶段表现,global
G0161,FTSE Russell 全球新兴市场质量因子公司指数,全球新兴市场,FTSE Russell,股票策略,质量因子公司,质量因子卫星配置,行业或风格可能集中，估值和汇率变化会影响阶段表现,global
G0162,S&P Dow Jones Indices 全球新兴市场成长风格公司指数,全球新兴市场,S&P Dow Jones Indices,股票策略,成长风格公司,成长风格卫星配置,行业或风格可能集中，估值和汇率变化会影响阶段表现,global
G0163,STOXX 全球新兴市场价值风格公司指数,全球新兴市场,STOXX,股票策略,价值风格公司,价值风格补充,行业或风格可能集中，估值和汇率变化会影响阶段表现,global
G0164,Nasdaq 全球新兴市场科技公司指数,全球新兴市场,Nasdaq,股票主题,科技公司,科技成长卫星配置,行业或风格可能集中，估值和汇率变化会影响阶段表现,global
G0165,中证指数 全球新兴市场金融公司指数,全球新兴市场,中证指数,股票行业,金融公司,金融行业暴露,行业或风格可能集中，估值和汇率变化会影响阶段表现,global
G0166,恒生指数公司 全球新兴市场医疗健康公司指数,全球新兴市场,恒生指数公司,股票行业,医疗健康公司,医疗健康行业暴露,行业或风格可能集中，估值和汇率变化会影响阶段表现,global
G0167,Bloomberg 全球新兴市场消费公司指数,全球新兴市场,Bloomberg,股票行业,消费公司,消费行业暴露,行业或风格可能集中，估值和汇率变化会影响阶段表现,global
G0168,MSCI 全球新兴市场能源和资源公司指数,全球新兴市场,MSCI,股票行业,能源和资源公司,周期行业暴露,行业或风格可能集中，估值和汇率变化会影响阶段表现,global
G0169,FTSE Russell 全球政府债券指数,全球,FTSE Russell,债券宽基,政府债券,利率债配置工具,利率变化会影响债券价格,bond
G0170,S&P Dow Jones Indices 全球投资级公司债指数,全球,S&P Dow Jones Indices,债券策略,投资级公司债,信用债配置工具,信用利差变化会影响表现,bond
G0171,STOXX 全球通胀挂钩债券指数,全球,STOXX,债券策略,通胀挂钩债券,通胀风险对冲工具,真实利率变化会影响表现,bond
G0172,Nasdaq 黄金指数,全球,Nasdaq,商品主题,黄金,避险和贵金属暴露,金价受美元、利率和避险情绪影响,commodity
G0173,中证指数 能源商品指数,全球,中证指数,商品主题,能源商品,能源周期暴露,供需和地缘事件会带来高波动,commodity
G0174,恒生指数公司 综合商品指数,全球,恒生指数公司,商品宽基,综合商品,通胀和商品周期暴露,商品期货展期和供需波动会影响表现,commodity
G0175,Bloomberg 美国大盘核心公司指数,美国,Bloomberg,股票宽基,大盘核心公司,核心宽基暴露,行业或风格可能集中，估值和汇率变化会影响阶段表现,us
G0176,MSCI 美国中小盘公司指数,美国,MSCI,股票宽基,中小盘公司,中小盘风格补充,行业或风格可能集中，估值和汇率变化会影响阶段表现,us
G0177,FTSE Russell 美国高股息公司指数,美国,FTSE Russell,股票策略,高股息公司,红利和现金流风格补充,行业或风格可能集中，估值和汇率变化会影响阶段表现,us
G0178,S&P Dow Jones Indices 美国低波动公司指数,美国,S&P Dow Jones Indices,股票策略,低波动公司,低波风格补充,行业或风格可能集中，估值和汇率变化会影响阶段表现,us
G0179,STOXX 美国质量因子公司指数,美国,STOXX,股票策略,质量因子公司,质量因子卫星配置,行业或风格可能集中，估值和汇率变化会影响阶段表现,us
G0180,Nasdaq 美国成长风格公司指数,美国,Nasdaq,股票策略,成长风格公司,成长风格卫星配置,行业或风格可能集中，估值和汇率变化会影响阶段表现,us
G0181,中证指数 美国价值风格公司指数,美国,中证指数,股票策略,价值风格公司,价值风格补充,行业或风格可能集中，估值和汇率变化会影响阶段表现,us
G0182,恒生指数公司 美国科技公司指数,美国,恒生指数公司,股票主题,科技公司,科技成长卫星配置,行业或风格可能集中，估值和汇率变化会影响阶段表现,us
G0183,Bloomberg 美国金融公司指数,美国,Bloomberg,股票行业,金融公司,金融行业暴露,行业或风格可能集中，估值和汇率变化会影响阶段表现,us
G0184,MSCI 美国医疗健康公司指数,美国,MSCI,股票行业,医疗健康公司,医疗健康行业暴露,行业或风格可能集中，估值和汇率变化会影响阶段表现,us
G0185,FTSE Russell 美国消费公司指数,美国,FTSE Russell,股票行业,消费公司,消费行业暴露,行业或风格可能集中，估值和汇率变化会影响阶段表现,us
G0186,S&P Dow Jones Indices 美国能源和资源公司指数,美国,S&P Dow Jones Indices,股票行业,能源和资源公司,周期行业暴露,行业或风格可能集中，估值和汇率变化会影响阶段表现,us
G0187,STOXX 中国内地大盘核心公司指数,中国内地,STOXX,股票宽基,大盘核心公司,核心宽基暴露,行业或风格可能集中，估值和汇率变化会影响阶段表现,china
G0188,Nasdaq 中国内地中小盘公司指数,中国内地,Nasdaq,股票宽基,中小盘公司,中小盘风格补充,行业或风格可能集中，估值和汇率变化会影响阶段表现,china
G0189,中证指数 中国内地高股息公司指数,中国内地,中证指数,股票策略,高股息公司,红利和现金流风格补充,行业或风格可能集中，估值和汇率变化会影响阶段表现,china
G0190,恒生指数公司 中国内地低波动公司指数,中国内地,恒生指数公司,股票策略,低波动公司,低波风格补充,行业或风格可能集中，估值和汇率变化会影响阶段表现,china
G0191,Bloomberg 中国内地质量因子公司指数,中国内地,Bloomberg,股票策略,质量因子公司,质量因子卫星配置,行业或风格可能集中，估值和汇率变化会影响阶段表现,china
G0192,MSCI 中国内地成长风格公司指数,中国内地,MSCI,股票策略,成长风格公司,成长风格卫星配置,行业或风格可能集中，估值和汇率变化会影响阶段表现,china
G0193,FTSE Russell 中国内地价值风格公司指数,中国内地,FTSE Russell,股票策略,价值风格公司,价值风格补充,行业或风格可能集中，估值和汇率变化会影响阶段表现,china
G0194,S&P Dow Jones Indices 中国内地科技公司指数,中国内地,S&P Dow Jones Indices,股票主题,科技公司,科技成长卫星配置,行业或风格可能集中，估值和汇率变化会影响阶段表现,china
G0195,STOXX 中国内地金融公司指数,中国内地,STOXX,股票行业,金融公司,金融行业暴露,行业或风格可能集中，估值和汇率变化会影响阶段表现,china
G0196,Nasdaq 中国内地医疗健康公司指数,中国内地,Nasdaq,股票行业,医疗健康公司,医疗健康行业暴露,行业或风格可能集中，估值和汇率变化会影响阶段表现,china
G0197,中证指数 中国内地消费公司指数,中国内地,中证指数,股票行业,消费公司,消费行业暴露,行业或风格可能集中，估值和汇率变化会影响阶段表现,china
G0198,恒生指数公司 中国内地能源和资源公司指数,中国内地,恒生指数公司,股票行业,能源和资源公司,周期行业暴露,行业或风格可能集中，估值和汇率变化会影响阶段表现,china
G0199,Bloomberg 中国香港大盘核心公司指数,中国香港,Bloomberg,股票宽基,大盘核心公司,核心宽基暴露,行业或风格可能集中，估值和汇率变化会影响阶段表现,hongkong
G0200,MSCI 中国香港中小盘公司指数,中国香港,MSCI,股票宽基,中小盘公司,中小盘风格补充,行业或风格可能集中，估值和汇率变化会影响阶段表现,hongkong
G0201,FTSE Russell 中国香港高股息公司指数,中国香港,FTSE Russell,股票策略,高股息公司,红利和现金流风格补充,行业或风格可能集中，估值和汇率变化会影响阶段表现,hongkong
G0202,S&P Dow Jones Indices 中国香港低波动公司指数,中国香港,S&P Dow Jones Indices,股票策略,低波动公司,低波风格补充,行业或风格可能集中，估值和汇率变化会影响阶段表现,hongkong
G0203,STOXX 中国香港质量因子公司指数,中国香港,STOXX,股票策略,质量因子公司,质量因子卫星配置,行业或风格可能集中，估值和汇率变化会影响阶段表现,hongkong
G0204,Nasdaq 中国香港成长风格公司指数,中国香港,Nasdaq,股票策略,成长风格公司,成长风格卫星配置,行业或风格可能集中，估值和汇率变化会影响阶段表现,hongkong
G0205,中证指数 中国香港价值风格公司指数,中国香港,中证指数,股票策略,价值风格公司,价值风格补充,行业或风格可能集中，估值和汇率变化会影响阶段表现,hongkong
G0206,恒生指数公司 中国香港科技公司指数,中国香港,恒生指数公司,股票主题,科技公司,科技成长卫星配置,行业或风格可能集中，估值和汇率变化会影响阶段表现,hongkong
G0207,Bloomberg 中国香港金融公司指数,中国香港,Bloomberg,股票行业,金融公司,金融行业暴露,行业或风格可能集中，估值和汇率变化会影响阶段表现,hongkong
G0208,MSCI 中国香港医疗健康公司指数,中国香港,MSCI,股票行业,医疗健康公司,医疗健康行业暴露,行业或风格可能集中，估值和汇率变化会影响阶段表现,hongkong
G0209,FTSE Russell 中国香港消费公司指数,中国香港,FTSE Russell,股票行业,消费公司,消费行业暴露,行业或风格可能集中，估值和汇率变化会影响阶段表现,hongkong
G0210,S&P Dow Jones Indices 中国香港能源和资源公司指数,中国香港,S&P Dow Jones Indices,股票行业,能源和资源公司,周期行业暴露,行业或风格可能集中，估值和汇率变化会影响阶段表现,hongkong
G0211,STOXX 日本大盘核心公司指数,日本,STOXX,股票宽基,大盘核心公司,核心宽基暴露,行业或风格可能集中，估值和汇率变化会影响阶段表现,asia
G0212,Nasdaq 日本中小盘公司指数,日本,Nasdaq,股票宽基,中小盘公司,中小盘风格补充,行业或风格可能集中，估值和汇率变化会影响阶段表现,asia
G0213,中证指数 日本高股息公司指数,日本,中证指数,股票策略,高股息公司,红利和现金流风格补充,行业或风格可能集中，估值和汇率变化会影响阶段表现,asia
G0214,恒生指数公司 日本低波动公司指数,日本,恒生指数公司,股票策略,低波动公司,低波风格补充,行业或风格可能集中，估值和汇率变化会影响阶段表现,asia
G0215,Bloomberg 日本质量因子公司指数,日本,Bloomberg,股票策略,质量因子公司,质量因子卫星配置,行业或风格可能集中，估值和汇率变化会影响阶段表现,asia
G0216,MSCI 日本成长风格公司指数,日本,MSCI,股票策略,成长风格公司,成长风格卫星配置,行业或风格可能集中，估值和汇率变化会影响阶段表现,asia
G0217,FTSE Russell 日本价值风格公司指数,日本,FTSE Russell,股票策略,价值风格公司,价值风格补充,行业或风格可能集中，估值和汇率变化会影响阶段表现,asia
G0218,S&P Dow Jones Indices 日本科技公司指数,日本,S&P Dow Jones Indices,股票主题,科技公司,科技成长卫星配置,行业或风格可能集中，估值和汇率变化会影响阶段表现,asia
G0219,STOXX 日本金融公司指数,日本,STOXX,股票行业,金融公司,金融行业暴露,行业或风格可能集中，估值和汇率变化会影响阶段表现,asia
G0220,Nasdaq 日本医疗健康公司指数,日本,Nasdaq,股票行业,医疗健康公司,医疗健康行业暴露,行业或风格可能集中，估值和汇率变化会影响阶段表现,asia
G0221,中证指数 日本消费公司指数,日本,中证指数,股票行业,消费公司,消费行业暴露,行业或风格可能集中，估值和汇率变化会影响阶段表现,asia
G0222,恒生指数公司 日本能源和资源公司指数,日本,恒生指数公司,股票行业,能源和资源公司,周期行业暴露,行业或风格可能集中，估值和汇率变化会影响阶段表现,asia
G0223,Bloomberg 韩国大盘核心公司指数,韩国,Bloomberg,股票宽基,大盘核心公司,核心宽基暴露,行业或风格可能集中，估值和汇率变化会影响阶段表现,asia
G0224,MSCI 韩国中小盘公司指数,韩国,MSCI,股票宽基,中小盘公司,中小盘风格补充,行业或风格可能集中，估值和汇率变化会影响阶段表现,asia
G0225,FTSE Russell 韩国高股息公司指数,韩国,FTSE Russell,股票策略,高股息公司,红利和现金流风格补充,行业或风格可能集中，估值和汇率变化会影响阶段表现,asia
G0226,S&P Dow Jones Indices 韩国低波动公司指数,韩国,S&P Dow Jones Indices,股票策略,低波动公司,低波风格补充,行业或风格可能集中，估值和汇率变化会影响阶段表现,asia
G0227,STOXX 韩国质量因子公司指数,韩国,STOXX,股票策略,质量因子公司,质量因子卫星配置,行业或风格可能集中，估值和汇率变化会影响阶段表现,asia
G0228,Nasdaq 韩国成长风格公司指数,韩国,Nasdaq,股票策略,成长风格公司,成长风格卫星配置,行业或风格可能集中，估值和汇率变化会影响阶段表现,asia
G0229,中证指数 韩国价值风格公司指数,韩国,中证指数,股票策略,价值风格公司,价值风格补充,行业或风格可能集中，估值和汇率变化会影响阶段表现,asia
G0230,恒生指数公司 韩国科技公司指数,韩国,恒生指数公司,股票主题,科技公司,科技成长卫星配置,行业或风格可能集中，估值和汇率变化会影响阶段表现,asia
G0231,Bloomberg 韩国金融公司指数,韩国,Bloomberg,股票行业,金融公司,金融行业暴露,行业或风格可能集中，估值和汇率变化会影响阶段表现,asia
G0232,MSCI 韩国医疗健康公司指数,韩国,MSCI,股票行业,医疗健康公司,医疗健康行业暴露,行业或风格可能集中，估值和汇率变化会影响阶段表现,asia
G0233,FTSE Russell 韩国消费公司指数,韩国,FTSE Russell,股票行业,消费公司,消费行业暴露,行业或风格可能集中，估值和汇率变化会影响阶段表现,asia
G0234,S&P Dow Jones Indices 韩国能源和资源公司指数,韩国,S&P Dow Jones Indices,股票行业,能源和资源公司,周期行业暴露,行业或风格可能集中，估值和汇率变化会影响阶段表现,asia
G0235,STOXX 印度大盘核心公司指数,印度,STOXX,股票宽基,大盘核心公司,核心宽基暴露,行业或风格可能集中，估值和汇率变化会影响阶段表现,asia
G0236,Nasdaq 印度中小盘公司指数,印度,Nasdaq,股票宽基,中小盘公司,中小盘风格补充,行业或风格可能集中，估值和汇率变化会影响阶段表现,asia
G0237,中证指数 印度高股息公司指数,印度,中证指数,股票策略,高股息公司,红利和现金流风格补充,行业或风格可能集中，估值和汇率变化会影响阶段表现,asia
G0238,恒生指数公司 印度低波动公司指数,印度,恒生指数公司,股票策略,低波动公司,低波风格补充,行业或风格可能集中，估值和汇率变化会影响阶段表现,asia
G0239,Bloomberg 印度质量因子公司指数,印度,Bloomberg,股票策略,质量因子公司,质量因子卫星配置,行业或风格可能集中，估值和汇率变化会影响阶段表现,asia
G0240,MSCI 印度成长风格公司指数,印度,MSCI,股票策略,成长风格公司,成长风格卫星配置,行业或风格可能集中，估值和汇率变化会影响阶段表现,asia
G0241,FTSE Russell 印度价值风格公司指数,印度,FTSE Russell,股票策略,价值风格公司,价值风格补充,行业或风格可能集中，估值和汇率变化会影响阶段表现,asia
G0242,S&P Dow Jones Indices 印度科技公司指数,印度,S&P Dow Jones Indices,股票主题,科技公司,科技成长卫星配置,行业或风格可能集中，估值和汇率变化会影响阶段表现,asia
G0243,STOXX 印度金融公司指数,印度,STOXX,股票行业,金融公司,金融行业暴露,行业或风格可能集中，估值和汇率变化会影响阶段表现,asia
G0244,Nasdaq 印度医疗健康公司指数,印度,Nasdaq,股票行业,医疗健康公司,医疗健康行业暴露,行业或风格可能集中，估值和汇率变化会影响阶段表现,asia
G0245,中证指数 印度消费公司指数,印度,中证指数,股票行业,消费公司,消费行业暴露,行业或风格可能集中，估值和汇率变化会影响阶段表现,asia
G0246,恒生指数公司 印度能源和资源公司指数,印度,恒生指数公司,股票行业,能源和资源公司,周期行业暴露,行业或风格可能集中，估值和汇率变化会影响阶段表现,asia
G0247,Bloomberg 澳大利亚大盘核心公司指数,澳大利亚,Bloomberg,股票宽基,大盘核心公司,核心宽基暴露,行业或风格可能集中，估值和汇率变化会影响阶段表现,asia
G0248,MSCI 澳大利亚中小盘公司指数,澳大利亚,MSCI,股票宽基,中小盘公司,中小盘风格补充,行业或风格可能集中，估值和汇率变化会影响阶段表现,asia
G0249,FTSE Russell 澳大利亚高股息公司指数,澳大利亚,FTSE Russell,股票策略,高股息公司,红利和现金流风格补充,行业或风格可能集中，估值和汇率变化会影响阶段表现,asia
G0250,S&P Dow Jones Indices 澳大利亚低波动公司指数,澳大利亚,S&P Dow Jones Indices,股票策略,低波动公司,低波风格补充,行业或风格可能集中，估值和汇率变化会影响阶段表现,asia
G0251,STOXX 澳大利亚质量因子公司指数,澳大利亚,STOXX,股票策略,质量因子公司,质量因子卫星配置,行业或风格可能集中，估值和汇率变化会影响阶段表现,asia
G0252,Nasdaq 澳大利亚成长风格公司指数,澳大利亚,Nasdaq,股票策略,成长风格公司,成长风格卫星配置,行业或风格可能集中，估值和汇率变化会影响阶段表现,asia
G0253,中证指数 澳大利亚价值风格公司指数,澳大利亚,中证指数,股票策略,价值风格公司,价值风格补充,行业或风格可能集中，估值和汇率变化会影响阶段表现,asia
G0254,恒生指数公司 澳大利亚科技公司指数,澳大利亚,恒生指数公司,股票主题,科技公司,科技成长卫星配置,行业或风格可能集中，估值和汇率变化会影响阶段表现,asia
G0255,Bloomberg 澳大利亚金融公司指数,澳大利亚,Bloomberg,股票行业,金融公司,金融行业暴露,行业或风格可能集中，估值和汇率变化会影响阶段表现,asia
G0256,MSCI 澳大利亚医疗健康公司指数,澳大利亚,MSCI,股票行业,医疗健康公司,医疗健康行业暴露,行业或风格可能集中，估值和汇率变化会影响阶段表现,asia
G0257,FTSE Russell 澳大利亚消费公司指数,澳大利亚,FTSE Russell,股票行业,消费公司,消费行业暴露,行业或风格可能集中，估值和汇率变化会影响阶段表现,asia
G0258,S&P Dow Jones Indices 澳大利亚能源和资源公司指数,澳大利亚,S&P Dow Jones Indices,股票行业,能源和资源公司,周期行业暴露,行业或风格可能集中，估值和汇率变化会影响阶段表现,asia
G0259,STOXX 英国大盘核心公司指数,英国,STOXX,股票宽基,大盘核心公司,核心宽基暴露,行业或风格可能集中，估值和汇率变化会影响阶段表现,europe
G0260,Nasdaq 英国中小盘公司指数,英国,Nasdaq,股票宽基,中小盘公司,中小盘风格补充,行业或风格可能集中，估值和汇率变化会影响阶段表现,europe
G0261,中证指数 英国高股息公司指数,英国,中证指数,股票策略,高股息公司,红利和现金流风格补充,行业或风格可能集中，估值和汇率变化会影响阶段表现,europe
G0262,恒生指数公司 英国低波动公司指数,英国,恒生指数公司,股票策略,低波动公司,低波风格补充,行业或风格可能集中，估值和汇率变化会影响阶段表现,europe
G0263,Bloomberg 英国质量因子公司指数,英国,Bloomberg,股票策略,质量因子公司,质量因子卫星配置,行业或风格可能集中，估值和汇率变化会影响阶段表现,europe
G0264,MSCI 英国成长风格公司指数,英国,MSCI,股票策略,成长风格公司,成长风格卫星配置,行业或风格可能集中，估值和汇率变化会影响阶段表现,europe
G0265,FTSE Russell 英国价值风格公司指数,英国,FTSE Russell,股票策略,价值风格公司,价值风格补充,行业或风格可能集中，估值和汇率变化会影响阶段表现,europe
G0266,S&P Dow Jones Indices 英国科技公司指数,英国,S&P Dow Jones Indices,股票主题,科技公司,科技成长卫星配置,行业或风格可能集中，估值和汇率变化会影响阶段表现,europe
G0267,STOXX 英国金融公司指数,英国,STOXX,股票行业,金融公司,金融行业暴露,行业或风格可能集中，估值和汇率变化会影响阶段表现,europe
G0268,Nasdaq 英国医疗健康公司指数,英国,Nasdaq,股票行业,医疗健康公司,医疗健康行业暴露,行业或风格可能集中，估值和汇率变化会影响阶段表现,europe
G0269,中证指数 英国消费公司指数,英国,中证指数,股票行业,消费公司,消费行业暴露,行业或风格可能集中，估值和汇率变化会影响阶段表现,europe
G0270,恒生指数公司 英国能源和资源公司指数,英国,恒生指数公司,股票行业,能源和资源公司,周期行业暴露,行业或风格可能集中，估值和汇率变化会影响阶段表现,europe
G0271,Bloomberg 德国大盘核心公司指数,德国,Bloomberg,股票宽基,大盘核心公司,核心宽基暴露,行业或风格可能集中，估值和汇率变化会影响阶段表现,europe
G0272,MSCI 德国中小盘公司指数,德国,MSCI,股票宽基,中小盘公司,中小盘风格补充,行业或风格可能集中，估值和汇率变化会影响阶段表现,europe
G0273,FTSE Russell 德国高股息公司指数,德国,FTSE Russell,股票策略,高股息公司,红利和现金流风格补充,行业或风格可能集中，估值和汇率变化会影响阶段表现,europe
G0274,S&P Dow Jones Indices 德国低波动公司指数,德国,S&P Dow Jones Indices,股票策略,低波动公司,低波风格补充,行业或风格可能集中，估值和汇率变化会影响阶段表现,europe
G0275,STOXX 德国质量因子公司指数,德国,STOXX,股票策略,质量因子公司,质量因子卫星配置,行业或风格可能集中，估值和汇率变化会影响阶段表现,europe
G0276,Nasdaq 德国成长风格公司指数,德国,Nasdaq,股票策略,成长风格公司,成长风格卫星配置,行业或风格可能集中，估值和汇率变化会影响阶段表现,europe
G0277,中证指数 德国价值风格公司指数,德国,中证指数,股票策略,价值风格公司,价值风格补充,行业或风格可能集中，估值和汇率变化会影响阶段表现,europe
G0278,恒生指数公司 德国科技公司指数,德国,恒生指数公司,股票主题,科技公司,科技成长卫星配置,行业或风格可能集中，估值和汇率变化会影响阶段表现,europe
G0279,Bloomberg 德国金融公司指数,德国,Bloomberg,股票行业,金融公司,金融行业暴露,行业或风格可能集中，估值和汇率变化会影响阶段表现,europe
G0280,MSCI 德国医疗健康公司指数,德国,MSCI,股票行业,医疗健康公司,医疗健康行业暴露,行业或风格可能集中，估值和汇率变化会影响阶段表现,europe
G0281,FTSE Russell 德国消费公司指数,德国,FTSE Russell,股票行业,消费公司,消费行业暴露,行业或风格可能集中，估值和汇率变化会影响阶段表现,europe
G0282,S&P Dow Jones Indices 德国能源和资源公司指数,德国,S&P Dow Jones Indices,股票行业,能源和资源公司,周期行业暴露,行业或风格可能集中，估值和汇率变化会影响阶段表现,europe
G0283,STOXX 法国大盘核心公司指数,法国,STOXX,股票宽基,大盘核心公司,核心宽基暴露,行业或风格可能集中，估值和汇率变化会影响阶段表现,europe
G0284,Nasdaq 法国中小盘公司指数,法国,Nasdaq,股票宽基,中小盘公司,中小盘风格补充,行业或风格可能集中，估值和汇率变化会影响阶段表现,europe
G0285,中证指数 法国高股息公司指数,法国,中证指数,股票策略,高股息公司,红利和现金流风格补充,行业或风格可能集中，估值和汇率变化会影响阶段表现,europe
G0286,恒生指数公司 法国低波动公司指数,法国,恒生指数公司,股票策略,低波动公司,低波风格补充,行业或风格可能集中，估值和汇率变化会影响阶段表现,europe
G0287,Bloomberg 法国质量因子公司指数,法国,Bloomberg,股票策略,质量因子公司,质量因子卫星配置,行业或风格可能集中，估值和汇率变化会影响阶段表现,europe
G0288,MSCI 法国成长风格公司指数,法国,MSCI,股票策略,成长风格公司,成长风格卫星配置,行业或风格可能集中，估值和汇率变化会影响阶段表现,europe
G0289,FTSE Russell 法国价值风格公司指数,法国,FTSE Russell,股票策略,价值风格公司,价值风格补充,行业或风格可能集中，估值和汇率变化会影响阶段表现,europe
G0290,S&P Dow Jones Indices 法国科技公司指数,法国,S&P Dow Jones Indices,股票主题,科技公司,科技成长卫星配置,行业或风格可能集中，估值和汇率变化会影响阶段表现,europe
G0291,STOXX 法国金融公司指数,法国,STOXX,股票行业,金融公司,金融行业暴露,行业或风格可能集中，估值和汇率变化会影响阶段表现,europe
G0292,Nasdaq 法国医疗健康公司指数,法国,Nasdaq,股票行业,医疗健康公司,医疗健康行业暴露,行业或风格可能集中，估值和汇率变化会影响阶段表现,europe
G0293,中证指数 法国消费公司指数,法国,中证指数,股票行业,消费公司,消费行业暴露,行业或风格可能集中，估值和汇率变化会影响阶段表现,europe
G0294,恒生指数公司 法国能源和资源公司指数,法国,恒生指数公司,股票行业,能源和资源公司,周期行业暴露,行业或风格可能集中，估值和汇率变化会影响阶段表现,europe
G0295,Bloomberg 加拿大大盘核心公司指数,加拿大,Bloomberg,股票宽基,大盘核心公司,核心宽基暴露,行业或风格可能集中，估值和汇率变化会影响阶段表现,us
G0296,MSCI 加拿大中小盘公司指数,加拿大,MSCI,股票宽基,中小盘公司,中小盘风格补充,行业或风格可能集中，估值和汇率变化会影响阶段表现,us
G0297,FTSE Russell 加拿大高股息公司指数,加拿大,FTSE Russell,股票策略,高股息公司,红利和现金流风格补充,行业或风格可能集中，估值和汇率变化会影响阶段表现,us
G0298,S&P Dow Jones Indices 加拿大低波动公司指数,加拿大,S&P Dow Jones Indices,股票策略,低波动公司,低波风格补充,行业或风格可能集中，估值和汇率变化会影响阶段表现,us
G0299,STOXX 加拿大质量因子公司指数,加拿大,STOXX,股票策略,质量因子公司,质量因子卫星配置,行业或风格可能集中，估值和汇率变化会影响阶段表现,us
G0300,Nasdaq 加拿大成长风格公司指数,加拿大,Nasdaq,股票策略,成长风格公司,成长风格卫星配置,行业或风格可能集中，估值和汇率变化会影响阶段表现,us
G0301,中证指数 加拿大价值风格公司指数,加拿大,中证指数,股票策略,价值风格公司,价值风格补充,行业或风格可能集中，估值和汇率变化会影响阶段表现,us
G0302,恒生指数公司 加拿大科技公司指数,加拿大,恒生指数公司,股票主题,科技公司,科技成长卫星配置,行业或风格可能集中，估值和汇率变化会影响阶段表现,us
G0303,Bloomberg 加拿大金融公司指数,加拿大,Bloomberg,股票行业,金融公司,金融行业暴露,行业或风格可能集中，估值和汇率变化会影响阶段表现,us
G0304,MSCI 加拿大医疗健康公司指数,加拿大,MSCI,股票行业,医疗健康公司,医疗健康行业暴露,行业或风格可能集中，估值和汇率变化会影响阶段表现,us
G0305,FTSE Russell 加拿大消费公司指数,加拿大,FTSE Russell,股票行业,消费公司,消费行业暴露,行业或风格可能集中，估值和汇率变化会影响阶段表现,us
G0306,S&P Dow Jones Indices 加拿大能源和资源公司指数,加拿大,S&P Dow Jones Indices,股票行业,能源和资源公司,周期行业暴露,行业或风格可能集中，估值和汇率变化会影响阶段表现,us
G0307,STOXX 巴西大盘核心公司指数,巴西,STOXX,股票宽基,大盘核心公司,核心宽基暴露,行业或风格可能集中，估值和汇率变化会影响阶段表现,global
G0308,Nasdaq 巴西中小盘公司指数,巴西,Nasdaq,股票宽基,中小盘公司,中小盘风格补充,行业或风格可能集中，估值和汇率变化会影响阶段表现,global
G0309,中证指数 巴西高股息公司指数,巴西,中证指数,股票策略,高股息公司,红利和现金流风格补充,行业或风格可能集中，估值和汇率变化会影响阶段表现,global
G0310,恒生指数公司 巴西低波动公司指数,巴西,恒生指数公司,股票策略,低波动公司,低波风格补充,行业或风格可能集中，估值和汇率变化会影响阶段表现,global
G0311,Bloomberg 巴西质量因子公司指数,巴西,Bloomberg,股票策略,质量因子公司,质量因子卫星配置,行业或风格可能集中，估值和汇率变化会影响阶段表现,global
G0312,MSCI 巴西成长风格公司指数,巴西,MSCI,股票策略,成长风格公司,成长风格卫星配置,行业或风格可能集中，估值和汇率变化会影响阶段表现,global
G0313,FTSE Russell 巴西价值风格公司指数,巴西,FTSE Russell,股票策略,价值风格公司,价值风格补充,行业或风格可能集中，估值和汇率变化会影响阶段表现,global
G0314,S&P Dow Jones Indices 巴西科技公司指数,巴西,S&P Dow Jones Indices,股票主题,科技公司,科技成长卫星配置,行业或风格可能集中，估值和汇率变化会影响阶段表现,global
G0315,STOXX 巴西金融公司指数,巴西,STOXX,股票行业,金融公司,金融行业暴露,行业或风格可能集中，估值和汇率变化会影响阶段表现,global
G0316,Nasdaq 巴西医疗健康公司指数,巴西,Nasdaq,股票行业,医疗健康公司,医疗健康行业暴露,行业或风格可能集中，估值和汇率变化会影响阶段表现,global
G0317,中证指数 巴西消费公司指数,巴西,中证指数,股票行业,消费公司,消费行业暴露,行业或风格可能集中，估值和汇率变化会影响阶段表现,global
G0318,恒生指数公司 巴西能源和资源公司指数,巴西,恒生指数公司,股票行业,能源和资源公司,周期行业暴露,行业或风格可能集中，估值和汇率变化会影响阶段表现,global
G0319,Bloomberg 全球发达市场大盘核心公司指数,全球发达市场,Bloomberg,股票宽基,大盘核心公司,核心宽基暴露,行业或风格可能集中，估值和汇率变化会影响阶段表现,global
G0320,MSCI 全球发达市场中小盘公司指数,全球发达市场,MSCI,股票宽基,中小盘公司,中小盘风格补充,行业或风格可能集中，估值和汇率变化会影响阶段表现,global
G0321,FTSE Russell 全球发达市场高股息公司指数,全球发达市场,FTSE Russell,股票策略,高股息公司,红利和现金流风格补充,行业或风格可能集中，估值和汇率变化会影响阶段表现,global
G0322,S&P Dow Jones Indices 全球发达市场低波动公司指数,全球发达市场,S&P Dow Jones Indices,股票策略,低波动公司,低波风格补充,行业或风格可能集中，估值和汇率变化会影响阶段表现,global
G0323,STOXX 全球发达市场质量因子公司指数,全球发达市场,STOXX,股票策略,质量因子公司,质量因子卫星配置,行业或风格可能集中，估值和汇率变化会影响阶段表现,global
G0324,Nasdaq 全球发达市场成长风格公司指数,全球发达市场,Nasdaq,股票策略,成长风格公司,成长风格卫星配置,行业或风格可能集中，估值和汇率变化会影响阶段表现,global
G0325,中证指数 全球发达市场价值风格公司指数,全球发达市场,中证指数,股票策略,价值风格公司,价值风格补充,行业或风格可能集中，估值和汇率变化会影响阶段表现,global
G0326,恒生指数公司 全球发达市场科技公司指数,全球发达市场,恒生指数公司,股票主题,科技公司,科技成长卫星配置,行业或风格可能集中，估值和汇率变化会影响阶段表现,global
G0327,Bloomberg 全球发达市场金融公司指数,全球发达市场,Bloomberg,股票行业,金融公司,金融行业暴露,行业或风格可能集中，估值和汇率变化会影响阶段表现,global
G0328,MSCI 全球发达市场医疗健康公司指数,全球发达市场,MSCI,股票行业,医疗健康公司,医疗健康行业暴露,行业或风格可能集中，估值和汇率变化会影响阶段表现,global
G0329,FTSE Russell 全球发达市场消费公司指数,全球发达市场,FTSE Russell,股票行业,消费公司,消费行业暴露,行业或风格可能集中，估值和汇率变化会影响阶段表现,global
G0330,S&P Dow Jones Indices 全球发达市场能源和资源公司指数,全球发达市场,S&P Dow Jones Indices,股票行业,能源和资源公司,周期行业暴露,行业或风格可能集中，估值和汇率变化会影响阶段表现,global
G0331,STOXX 全球新兴市场大盘核心公司指数,全球新兴市场,STOXX,股票宽基,大盘核心公司,核心宽基暴露,行业或风格可能集中，估值和汇率变化会影响阶段表现,global
G0332,Nasdaq 全球新兴市场中小盘公司指数,全球新兴市场,Nasdaq,股票宽基,中小盘公司,中小盘风格补充,行业或风格可能集中，估值和汇率变化会影响阶段表现,global
G0333,中证指数 全球新兴市场高股息公司指数,全球新兴市场,中证指数,股票策略,高股息公司,红利和现金流风格补充,行业或风格可能集中，估值和汇率变化会影响阶段表现,global
G0334,恒生指数公司 全球新兴市场低波动公司指数,全球新兴市场,恒生指数公司,股票策略,低波动公司,低波风格补充,行业或风格可能集中，估值和汇率变化会影响阶段表现,global
G0335,Bloomberg 全球新兴市场质量因子公司指数,全球新兴市场,Bloomberg,股票策略,质量因子公司,质量因子卫星配置,行业或风格可能集中，估值和汇率变化会影响阶段表现,global
G0336,MSCI 全球新兴市场成长风格公司指数,全球新兴市场,MSCI,股票策略,成长风格公司,成长风格卫星配置,行业或风格可能集中，估值和汇率变化会影响阶段表现,global
G0337,FTSE Russell 全球新兴市场价值风格公司指数,全球新兴市场,FTSE Russell,股票策略,价值风格公司,价值风格补充,行业或风格可能集中，估值和汇率变化会影响阶段表现,global
G0338,S&P Dow Jones Indices 全球新兴市场科技公司指数,全球新兴市场,S&P Dow Jones Indices,股票主题,科技公司,科技成长卫星配置,行业或风格可能集中，估值和汇率变化会影响阶段表现,global
G0339,STOXX 全球新兴市场金融公司指数,全球新兴市场,STOXX,股票行业,金融公司,金融行业暴露,行业或风格可能集中，估值和汇率变化会影响阶段表现,global
G0340,Nasdaq 全球新兴市场医疗健康公司指数,全球新兴市场,Nasdaq,股票行业,医疗健康公司,医疗健康行业暴露,行业或风格可能集中，估值和汇率变化会影响阶段表现,global
G0341,中证指数 全球新兴市场消费公司指数,全球新兴市场,中证指数,股票行业,消费公司,消费行业暴露,行业或风格可能集中，估值和汇率变化会影响阶段表现,global
G0342,恒生指数公司 全球新兴市场能源和资源公司指数,全球新兴市场,恒生指数公司,股票行业,能源和资源公司,周期行业暴露,行业或风格可能集中，估值和汇率变化会影响阶段表现,global
G0343,Bloomberg 全球政府债券指数,全球,Bloomberg,债券宽基,政府债券,利率债配置工具,利率变化会影响债券价格,bond
G0344,MSCI 全球投资级公司债指数,全球,MSCI,债券策略,投资级公司债,信用债配置工具,信用利差变化会影响表现,bond
G0345,FTSE Russell 全球通胀挂钩债券指数,全球,FTSE Russell,债券策略,通胀挂钩债券,通胀风险对冲工具,真实利率变化会影响表现,bond
G0346,S&P Dow Jones Indices 黄金指数,全球,S&P Dow Jones Indices,商品主题,黄金,避险和贵金属暴露,金价受美元、利率和避险情绪影响,commodity
G0347,STOXX 能源商品指数,全球,STOXX,商品主题,能源商品,能源周期暴露,供需和地缘事件会带来高波动,commodity
G0348,Nasdaq 综合商品指数,全球,Nasdaq,商品宽基,综合商品,通胀和商品周期暴露,商品期货展期和供需波动会影响表现,commodity
G0349,中证指数 美国大盘核心公司指数,美国,中证指数,股票宽基,大盘核心公司,核心宽基暴露,行业或风格可能集中，估值和汇率变化会影响阶段表现,us
G0350,恒生指数公司 美国中小盘公司指数,美国,恒生指数公司,股票宽基,中小盘公司,中小盘风格补充,行业或风格可能集中，估值和汇率变化会影响阶段表现,us
G0351,Bloomberg 美国高股息公司指数,美国,Bloomberg,股票策略,高股息公司,红利和现金流风格补充,行业或风格可能集中，估值和汇率变化会影响阶段表现,us
G0352,MSCI 美国低波动公司指数,美国,MSCI,股票策略,低波动公司,低波风格补充,行业或风格可能集中，估值和汇率变化会影响阶段表现,us
G0353,FTSE Russell 美国质量因子公司指数,美国,FTSE Russell,股票策略,质量因子公司,质量因子卫星配置,行业或风格可能集中，估值和汇率变化会影响阶段表现,us
G0354,S&P Dow Jones Indices 美国成长风格公司指数,美国,S&P Dow Jones Indices,股票策略,成长风格公司,成长风格卫星配置,行业或风格可能集中，估值和汇率变化会影响阶段表现,us
G0355,STOXX 美国价值风格公司指数,美国,STOXX,股票策略,价值风格公司,价值风格补充,行业或风格可能集中，估值和汇率变化会影响阶段表现,us
G0356,Nasdaq 美国科技公司指数,美国,Nasdaq,股票主题,科技公司,科技成长卫星配置,行业或风格可能集中，估值和汇率变化会影响阶段表现,us
G0357,中证指数 美国金融公司指数,美国,中证指数,股票行业,金融公司,金融行业暴露,行业或风格可能集中，估值和汇率变化会影响阶段表现,us
G0358,恒生指数公司 美国医疗健康公司指数,美国,恒生指数公司,股票行业,医疗健康公司,医疗健康行业暴露,行业或风格可能集中，估值和汇率变化会影响阶段表现,us
G0359,Bloomberg 美国消费公司指数,美国,Bloomberg,股票行业,消费公司,消费行业暴露,行业或风格可能集中，估值和汇率变化会影响阶段表现,us
G0360,MSCI 美国能源和资源公司指数,美国,MSCI,股票行业,能源和资源公司,周期行业暴露,行业或风格可能集中，估值和汇率变化会影响阶段表现,us
G0361,FTSE Russell 中国内地大盘核心公司指数,中国内地,FTSE Russell,股票宽基,大盘核心公司,核心宽基暴露,行业或风格可能集中，估值和汇率变化会影响阶段表现,china
G0362,S&P Dow Jones Indices 中国内地中小盘公司指数,中国内地,S&P Dow Jones Indices,股票宽基,中小盘公司,中小盘风格补充,行业或风格可能集中，估值和汇率变化会影响阶段表现,china
G0363,STOXX 中国内地高股息公司指数,中国内地,STOXX,股票策略,高股息公司,红利和现金流风格补充,行业或风格可能集中，估值和汇率变化会影响阶段表现,china
G0364,Nasdaq 中国内地低波动公司指数,中国内地,Nasdaq,股票策略,低波动公司,低波风格补充,行业或风格可能集中，估值和汇率变化会影响阶段表现,china
G0365,中证指数 中国内地质量因子公司指数,中国内地,中证指数,股票策略,质量因子公司,质量因子卫星配置,行业或风格可能集中，估值和汇率变化会影响阶段表现,china
G0366,恒生指数公司 中国内地成长风格公司指数,中国内地,恒生指数公司,股票策略,成长风格公司,成长风格卫星配置,行业或风格可能集中，估值和汇率变化会影响阶段表现,china
G0367,Bloomberg 中国内地价值风格公司指数,中国内地,Bloomberg,股票策略,价值风格公司,价值风格补充,行业或风格可能集中，估值和汇率变化会影响阶段表现,china
G0368,MSCI 中国内地科技公司指数,中国内地,MSCI,股票主题,科技公司,科技成长卫星配置,行业或风格可能集中，估值和汇率变化会影响阶段表现,china
G0369,FTSE Russell 中国内地金融公司指数,中国内地,FTSE Russell,股票行业,金融公司,金融行业暴露,行业或风格可能集中，估值和汇率变化会影响阶段表现,china
G0370,S&P Dow Jones Indices 中国内地医疗健康公司指数,中国内地,S&P Dow Jones Indices,股票行业,医疗健康公司,医疗健康行业暴露,行业或风格可能集中，估值和汇率变化会影响阶段表现,china
G0371,STOXX 中国内地消费公司指数,中国内地,STOXX,股票行业,消费公司,消费行业暴露,行业或风格可能集中，估值和汇率变化会影响阶段表现,china
G0372,Nasdaq 中国内地能源和资源公司指数,中国内地,Nasdaq,股票行业,能源和资源公司,周期行业暴露,行业或风格可能集中，估值和汇率变化会影响阶段表现,china
G0373,中证指数 中国香港大盘核心公司指数,中国香港,中证指数,股票宽基,大盘核心公司,核心宽基暴露,行业或风格可能集中，估值和汇率变化会影响阶段表现,hongkong
G0374,恒生指数公司 中国香港中小盘公司指数,中国香港,恒生指数公司,股票宽基,中小盘公司,中小盘风格补充,行业或风格可能集中，估值和汇率变化会影响阶段表现,hongkong
G0375,Bloomberg 中国香港高股息公司指数,中国香港,Bloomberg,股票策略,高股息公司,红利和现金流风格补充,行业或风格可能集中，估值和汇率变化会影响阶段表现,hongkong
G0376,MSCI 中国香港低波动公司指数,中国香港,MSCI,股票策略,低波动公司,低波风格补充,行业或风格可能集中，估值和汇率变化会影响阶段表现,hongkong
G0377,FTSE Russell 中国香港质量因子公司指数,中国香港,FTSE Russell,股票策略,质量因子公司,质量因子卫星配置,行业或风格可能集中，估值和汇率变化会影响阶段表现,hongkong
G0378,S&P Dow Jones Indices 中国香港成长风格公司指数,中国香港,S&P Dow Jones Indices,股票策略,成长风格公司,成长风格卫星配置,行业或风格可能集中，估值和汇率变化会影响阶段表现,hongkong
G0379,STOXX 中国香港价值风格公司指数,中国香港,STOXX,股票策略,价值风格公司,价值风格补充,行业或风格可能集中，估值和汇率变化会影响阶段表现,hongkong
G0380,Nasdaq 中国香港科技公司指数,中国香港,Nasdaq,股票主题,科技公司,科技成长卫星配置,行业或风格可能集中，估值和汇率变化会影响阶段表现,hongkong
G0381,中证指数 中国香港金融公司指数,中国香港,中证指数,股票行业,金融公司,金融行业暴露,行业或风格可能集中，估值和汇率变化会影响阶段表现,hongkong
G0382,恒生指数公司 中国香港医疗健康公司指数,中国香港,恒生指数公司,股票行业,医疗健康公司,医疗健康行业暴露,行业或风格可能集中，估值和汇率变化会影响阶段表现,hongkong
G0383,Bloomberg 中国香港消费公司指数,中国香港,Bloomberg,股票行业,消费公司,消费行业暴露,行业或风格可能集中，估值和汇率变化会影响阶段表现,hongkong
G0384,MSCI 中国香港能源和资源公司指数,中国香港,MSCI,股票行业,能源和资源公司,周期行业暴露,行业或风格可能集中，估值和汇率变化会影响阶段表现,hongkong
G0385,FTSE Russell 日本大盘核心公司指数,日本,FTSE Russell,股票宽基,大盘核心公司,核心宽基暴露,行业或风格可能集中，估值和汇率变化会影响阶段表现,asia
G0386,S&P Dow Jones Indices 日本中小盘公司指数,日本,S&P Dow Jones Indices,股票宽基,中小盘公司,中小盘风格补充,行业或风格可能集中，估值和汇率变化会影响阶段表现,asia
G0387,STOXX 日本高股息公司指数,日本,STOXX,股票策略,高股息公司,红利和现金流风格补充,行业或风格可能集中，估值和汇率变化会影响阶段表现,asia
G0388,Nasdaq 日本低波动公司指数,日本,Nasdaq,股票策略,低波动公司,低波风格补充,行业或风格可能集中，估值和汇率变化会影响阶段表现,asia
G0389,中证指数 日本质量因子公司指数,日本,中证指数,股票策略,质量因子公司,质量因子卫星配置,行业或风格可能集中，估值和汇率变化会影响阶段表现,asia
G0390,恒生指数公司 日本成长风格公司指数,日本,恒生指数公司,股票策略,成长风格公司,成长风格卫星配置,行业或风格可能集中，估值和汇率变化会影响阶段表现,asia
G0391,Bloomberg 日本价值风格公司指数,日本,Bloomberg,股票策略,价值风格公司,价值风格补充,行业或风格可能集中，估值和汇率变化会影响阶段表现,asia
G0392,MSCI 日本科技公司指数,日本,MSCI,股票主题,科技公司,科技成长卫星配置,行业或风格可能集中，估值和汇率变化会影响阶段表现,asia
G0393,FTSE Russell 日本金融公司指数,日本,FTSE Russell,股票行业,金融公司,金融行业暴露,行业或风格可能集中，估值和汇率变化会影响阶段表现,asia
G0394,S&P Dow Jones Indices 日本医疗健康公司指数,日本,S&P Dow Jones Indices,股票行业,医疗健康公司,医疗健康行业暴露,行业或风格可能集中，估值和汇率变化会影响阶段表现,asia
G0395,STOXX 日本消费公司指数,日本,STOXX,股票行业,消费公司,消费行业暴露,行业或风格可能集中，估值和汇率变化会影响阶段表现,asia
G0396,Nasdaq 日本能源和资源公司指数,日本,Nasdaq,股票行业,能源和资源公司,周期行业暴露,行业或风格可能集中，估值和汇率变化会影响阶段表现,asia
G0397,中证指数 韩国大盘核心公司指数,韩国,中证指数,股票宽基,大盘核心公司,核心宽基暴露,行业或风格可能集中，估值和汇率变化会影响阶段表现,asia
G0398,恒生指数公司 韩国中小盘公司指数,韩国,恒生指数公司,股票宽基,中小盘公司,中小盘风格补充,行业或风格可能集中，估值和汇率变化会影响阶段表现,asia
G0399,Bloomberg 韩国高股息公司指数,韩国,Bloomberg,股票策略,高股息公司,红利和现金流风格补充,行业或风格可能集中，估值和汇率变化会影响阶段表现,asia
G0400,MSCI 韩国低波动公司指数,韩国,MSCI,股票策略,低波动公司,低波风格补充,行业或风格可能集中，估值和汇率变化会影响阶段表现,asia
G0401,FTSE Russell 韩国质量因子公司指数,韩国,FTSE Russell,股票策略,质量因子公司,质量因子卫星配置,行业或风格可能集中，估值和汇率变化会影响阶段表现,asia
G0402,S&P Dow Jones Indices 韩国成长风格公司指数,韩国,S&P Dow Jones Indices,股票策略,成长风格公司,成长风格卫星配置,行业或风格可能集中，估值和汇率变化会影响阶段表现,asia
G0403,STOXX 韩国价值风格公司指数,韩国,STOXX,股票策略,价值风格公司,价值风格补充,行业或风格可能集中，估值和汇率变化会影响阶段表现,asia
G0404,Nasdaq 韩国科技公司指数,韩国,Nasdaq,股票主题,科技公司,科技成长卫星配置,行业或风格可能集中，估值和汇率变化会影响阶段表现,asia
G0405,中证指数 韩国金融公司指数,韩国,中证指数,股票行业,金融公司,金融行业暴露,行业或风格可能集中，估值和汇率变化会影响阶段表现,asia
G0406,恒生指数公司 韩国医疗健康公司指数,韩国,恒生指数公司,股票行业,医疗健康公司,医疗健康行业暴露,行业或风格可能集中，估值和汇率变化会影响阶段表现,asia
G0407,Bloomberg 韩国消费公司指数,韩国,Bloomberg,股票行业,消费公司,消费行业暴露,行业或风格可能集中，估值和汇率变化会影响阶段表现,asia
G0408,MSCI 韩国能源和资源公司指数,韩国,MSCI,股票行业,能源和资源公司,周期行业暴露,行业或风格可能集中，估值和汇率变化会影响阶段表现,asia
G0409,FTSE Russell 印度大盘核心公司指数,印度,FTSE Russell,股票宽基,大盘核心公司,核心宽基暴露,行业或风格可能集中，估值和汇率变化会影响阶段表现,asia
G0410,S&P Dow Jones Indices 印度中小盘公司指数,印度,S&P Dow Jones Indices,股票宽基,中小盘公司,中小盘风格补充,行业或风格可能集中，估值和汇率变化会影响阶段表现,asia
G0411,STOXX 印度高股息公司指数,印度,STOXX,股票策略,高股息公司,红利和现金流风格补充,行业或风格可能集中，估值和汇率变化会影响阶段表现,asia
G0412,Nasdaq 印度低波动公司指数,印度,Nasdaq,股票策略,低波动公司,低波风格补充,行业或风格可能集中，估值和汇率变化会影响阶段表现,asia
G0413,中证指数 印度质量因子公司指数,印度,中证指数,股票策略,质量因子公司,质量因子卫星配置,行业或风格可能集中，估值和汇率变化会影响阶段表现,asia
G0414,恒生指数公司 印度成长风格公司指数,印度,恒生指数公司,股票策略,成长风格公司,成长风格卫星配置,行业或风格可能集中，估值和汇率变化会影响阶段表现,asia
G0415,Bloomberg 印度价值风格公司指数,印度,Bloomberg,股票策略,价值风格公司,价值风格补充,行业或风格可能集中，估值和汇率变化会影响阶段表现,asia
G0416,MSCI 印度科技公司指数,印度,MSCI,股票主题,科技公司,科技成长卫星配置,行业或风格可能集中，估值和汇率变化会影响阶段表现,asia
G0417,FTSE Russell 印度金融公司指数,印度,FTSE Russell,股票行业,金融公司,金融行业暴露,行业或风格可能集中，估值和汇率变化会影响阶段表现,asia
G0418,S&P Dow Jones Indices 印度医疗健康公司指数,印度,S&P Dow Jones Indices,股票行业,医疗健康公司,医疗健康行业暴露,行业或风格可能集中，估值和汇率变化会影响阶段表现,asia
G0419,STOXX 印度消费公司指数,印度,STOXX,股票行业,消费公司,消费行业暴露,行业或风格可能集中，估值和汇率变化会影响阶段表现,asia
G0420,Nasdaq 印度能源和资源公司指数,印度,Nasdaq,股票行业,能源和资源公司,周期行业暴露,行业或风格可能集中，估值和汇率变化会影响阶段表现,asia
G0421,中证指数 澳大利亚大盘核心公司指数,澳大利亚,中证指数,股票宽基,大盘核心公司,核心宽基暴露,行业或风格可能集中，估值和汇率变化会影响阶段表现,asia
G0422,恒生指数公司 澳大利亚中小盘公司指数,澳大利亚,恒生指数公司,股票宽基,中小盘公司,中小盘风格补充,行业或风格可能集中，估值和汇率变化会影响阶段表现,asia
G0423,Bloomberg 澳大利亚高股息公司指数,澳大利亚,Bloomberg,股票策略,高股息公司,红利和现金流风格补充,行业或风格可能集中，估值和汇率变化会影响阶段表现,asia
G0424,MSCI 澳大利亚低波动公司指数,澳大利亚,MSCI,股票策略,低波动公司,低波风格补充,行业或风格可能集中，估值和汇率变化会影响阶段表现,asia
G0425,FTSE Russell 澳大利亚质量因子公司指数,澳大利亚,FTSE Russell,股票策略,质量因子公司,质量因子卫星配置,行业或风格可能集中，估值和汇率变化会影响阶段表现,asia
G0426,S&P Dow Jones Indices 澳大利亚成长风格公司指数,澳大利亚,S&P Dow Jones Indices,股票策略,成长风格公司,成长风格卫星配置,行业或风格可能集中，估值和汇率变化会影响阶段表现,asia
G0427,STOXX 澳大利亚价值风格公司指数,澳大利亚,STOXX,股票策略,价值风格公司,价值风格补充,行业或风格可能集中，估值和汇率变化会影响阶段表现,asia
G0428,Nasdaq 澳大利亚科技公司指数,澳大利亚,Nasdaq,股票主题,科技公司,科技成长卫星配置,行业或风格可能集中，估值和汇率变化会影响阶段表现,asia
G0429,中证指数 澳大利亚金融公司指数,澳大利亚,中证指数,股票行业,金融公司,金融行业暴露,行业或风格可能集中，估值和汇率变化会影响阶段表现,asia
G0430,恒生指数公司 澳大利亚医疗健康公司指数,澳大利亚,恒生指数公司,股票行业,医疗健康公司,医疗健康行业暴露,行业或风格可能集中，估值和汇率变化会影响阶段表现,asia
G0431,Bloomberg 澳大利亚消费公司指数,澳大利亚,Bloomberg,股票行业,消费公司,消费行业暴露,行业或风格可能集中，估值和汇率变化会影响阶段表现,asia
G0432,MSCI 澳大利亚能源和资源公司指数,澳大利亚,MSCI,股票行业,能源和资源公司,周期行业暴露,行业或风格可能集中，估值和汇率变化会影响阶段表现,asia
G0433,FTSE Russell 英国大盘核心公司指数,英国,FTSE Russell,股票宽基,大盘核心公司,核心宽基暴露,行业或风格可能集中，估值和汇率变化会影响阶段表现,europe
G0434,S&P Dow Jones Indices 英国中小盘公司指数,英国,S&P Dow Jones Indices,股票宽基,中小盘公司,中小盘风格补充,行业或风格可能集中，估值和汇率变化会影响阶段表现,europe
G0435,STOXX 英国高股息公司指数,英国,STOXX,股票策略,高股息公司,红利和现金流风格补充,行业或风格可能集中，估值和汇率变化会影响阶段表现,europe
G0436,Nasdaq 英国低波动公司指数,英国,Nasdaq,股票策略,低波动公司,低波风格补充,行业或风格可能集中，估值和汇率变化会影响阶段表现,europe
G0437,中证指数 英国质量因子公司指数,英国,中证指数,股票策略,质量因子公司,质量因子卫星配置,行业或风格可能集中，估值和汇率变化会影响阶段表现,europe
G0438,恒生指数公司 英国成长风格公司指数,英国,恒生指数公司,股票策略,成长风格公司,成长风格卫星配置,行业或风格可能集中，估值和汇率变化会影响阶段表现,europe
G0439,Bloomberg 英国价值风格公司指数,英国,Bloomberg,股票策略,价值风格公司,价值风格补充,行业或风格可能集中，估值和汇率变化会影响阶段表现,europe
G0440,MSCI 英国科技公司指数,英国,MSCI,股票主题,科技公司,科技成长卫星配置,行业或风格可能集中，估值和汇率变化会影响阶段表现,europe
G0441,FTSE Russell 英国金融公司指数,英国,FTSE Russell,股票行业,金融公司,金融行业暴露,行业或风格可能集中，估值和汇率变化会影响阶段表现,europe
G0442,S&P Dow Jones Indices 英国医疗健康公司指数,英国,S&P Dow Jones Indices,股票行业,医疗健康公司,医疗健康行业暴露,行业或风格可能集中，估值和汇率变化会影响阶段表现,europe
G0443,STOXX 英国消费公司指数,英国,STOXX,股票行业,消费公司,消费行业暴露,行业或风格可能集中，估值和汇率变化会影响阶段表现,europe
G0444,Nasdaq 英国能源和资源公司指数,英国,Nasdaq,股票行业,能源和资源公司,周期行业暴露,行业或风格可能集中，估值和汇率变化会影响阶段表现,europe
G0445,中证指数 德国大盘核心公司指数,德国,中证指数,股票宽基,大盘核心公司,核心宽基暴露,行业或风格可能集中，估值和汇率变化会影响阶段表现,europe
G0446,恒生指数公司 德国中小盘公司指数,德国,恒生指数公司,股票宽基,中小盘公司,中小盘风格补充,行业或风格可能集中，估值和汇率变化会影响阶段表现,europe
G0447,Bloomberg 德国高股息公司指数,德国,Bloomberg,股票策略,高股息公司,红利和现金流风格补充,行业或风格可能集中，估值和汇率变化会影响阶段表现,europe
G0448,MSCI 德国低波动公司指数,德国,MSCI,股票策略,低波动公司,低波风格补充,行业或风格可能集中，估值和汇率变化会影响阶段表现,europe
G0449,FTSE Russell 德国质量因子公司指数,德国,FTSE Russell,股票策略,质量因子公司,质量因子卫星配置,行业或风格可能集中，估值和汇率变化会影响阶段表现,europe
G0450,S&P Dow Jones Indices 德国成长风格公司指数,德国,S&P Dow Jones Indices,股票策略,成长风格公司,成长风格卫星配置,行业或风格可能集中，估值和汇率变化会影响阶段表现,europe
G0451,STOXX 德国价值风格公司指数,德国,STOXX,股票策略,价值风格公司,价值风格补充,行业或风格可能集中，估值和汇率变化会影响阶段表现,europe
G0452,Nasdaq 德国科技公司指数,德国,Nasdaq,股票主题,科技公司,科技成长卫星配置,行业或风格可能集中，估值和汇率变化会影响阶段表现,europe
G0453,中证指数 德国金融公司指数,德国,中证指数,股票行业,金融公司,金融行业暴露,行业或风格可能集中，估值和汇率变化会影响阶段表现,europe
G0454,恒生指数公司 德国医疗健康公司指数,德国,恒生指数公司,股票行业,医疗健康公司,医疗健康行业暴露,行业或风格可能集中，估值和汇率变化会影响阶段表现,europe
G0455,Bloomberg 德国消费公司指数,德国,Bloomberg,股票行业,消费公司,消费行业暴露,行业或风格可能集中，估值和汇率变化会影响阶段表现,europe
G0456,MSCI 德国能源和资源公司指数,德国,MSCI,股票行业,能源和资源公司,周期行业暴露,行业或风格可能集中，估值和汇率变化会影响阶段表现,europe
G0457,FTSE Russell 法国大盘核心公司指数,法国,FTSE Russell,股票宽基,大盘核心公司,核心宽基暴露,行业或风格可能集中，估值和汇率变化会影响阶段表现,europe
G0458,S&P Dow Jones Indices 法国中小盘公司指数,法国,S&P Dow Jones Indices,股票宽基,中小盘公司,中小盘风格补充,行业或风格可能集中，估值和汇率变化会影响阶段表现,europe
G0459,STOXX 法国高股息公司指数,法国,STOXX,股票策略,高股息公司,红利和现金流风格补充,行业或风格可能集中，估值和汇率变化会影响阶段表现,europe
G0460,Nasdaq 法国低波动公司指数,法国,Nasdaq,股票策略,低波动公司,低波风格补充,行业或风格可能集中，估值和汇率变化会影响阶段表现,europe
G0461,中证指数 法国质量因子公司指数,法国,中证指数,股票策略,质量因子公司,质量因子卫星配置,行业或风格可能集中，估值和汇率变化会影响阶段表现,europe
G0462,恒生指数公司 法国成长风格公司指数,法国,恒生指数公司,股票策略,成长风格公司,成长风格卫星配置,行业或风格可能集中，估值和汇率变化会影响阶段表现,europe
G0463,Bloomberg 法国价值风格公司指数,法国,Bloomberg,股票策略,价值风格公司,价值风格补充,行业或风格可能集中，估值和汇率变化会影响阶段表现,europe
G0464,MSCI 法国科技公司指数,法国,MSCI,股票主题,科技公司,科技成长卫星配置,行业或风格可能集中，估值和汇率变化会影响阶段表现,europe
G0465,FTSE Russell 法国金融公司指数,法国,FTSE Russell,股票行业,金融公司,金融行业暴露,行业或风格可能集中，估值和汇率变化会影响阶段表现,europe
G0466,S&P Dow Jones Indices 法国医疗健康公司指数,法国,S&P Dow Jones Indices,股票行业,医疗健康公司,医疗健康行业暴露,行业或风格可能集中，估值和汇率变化会影响阶段表现,europe
G0467,STOXX 法国消费公司指数,法国,STOXX,股票行业,消费公司,消费行业暴露,行业或风格可能集中，估值和汇率变化会影响阶段表现,europe
G0468,Nasdaq 法国能源和资源公司指数,法国,Nasdaq,股票行业,能源和资源公司,周期行业暴露,行业或风格可能集中，估值和汇率变化会影响阶段表现,europe
G0469,中证指数 加拿大大盘核心公司指数,加拿大,中证指数,股票宽基,大盘核心公司,核心宽基暴露,行业或风格可能集中，估值和汇率变化会影响阶段表现,us
G0470,恒生指数公司 加拿大中小盘公司指数,加拿大,恒生指数公司,股票宽基,中小盘公司,中小盘风格补充,行业或风格可能集中，估值和汇率变化会影响阶段表现,us
G0471,Bloomberg 加拿大高股息公司指数,加拿大,Bloomberg,股票策略,高股息公司,红利和现金流风格补充,行业或风格可能集中，估值和汇率变化会影响阶段表现,us
G0472,MSCI 加拿大低波动公司指数,加拿大,MSCI,股票策略,低波动公司,低波风格补充,行业或风格可能集中，估值和汇率变化会影响阶段表现,us
G0473,FTSE Russell 加拿大质量因子公司指数,加拿大,FTSE Russell,股票策略,质量因子公司,质量因子卫星配置,行业或风格可能集中，估值和汇率变化会影响阶段表现,us
G0474,S&P Dow Jones Indices 加拿大成长风格公司指数,加拿大,S&P Dow Jones Indices,股票策略,成长风格公司,成长风格卫星配置,行业或风格可能集中，估值和汇率变化会影响阶段表现,us
G0475,STOXX 加拿大价值风格公司指数,加拿大,STOXX,股票策略,价值风格公司,价值风格补充,行业或风格可能集中，估值和汇率变化会影响阶段表现,us
G0476,Nasdaq 加拿大科技公司指数,加拿大,Nasdaq,股票主题,科技公司,科技成长卫星配置,行业或风格可能集中，估值和汇率变化会影响阶段表现,us
G0477,中证指数 加拿大金融公司指数,加拿大,中证指数,股票行业,金融公司,金融行业暴露,行业或风格可能集中，估值和汇率变化会影响阶段表现,us
G0478,恒生指数公司 加拿大医疗健康公司指数,加拿大,恒生指数公司,股票行业,医疗健康公司,医疗健康行业暴露,行业或风格可能集中，估值和汇率变化会影响阶段表现,us
